,m,n,p,H,K,rec,exp,err
0,3,460,0.5,0-1-1,2,2677319.9365079366,2686170.0,-0.003305568143494586
1,3,470,0.5,0-1-1,2,2875626.158730159,2865590.0,0.0034900777000133054
2,3,480,0.5,0-1-1,2,3063743.2063492066,3052826.6666666665,0.003563137948349282
3,3,490,0.5,0-1-1,2,3249176.222222222,3248046.6666666665,0.0003476436728270249
4,3,500,0.5,0-1-1,2,3442092.301587302,3451416.6666666665,-0.0027089236029680386
