,m,n,p,H,K,rec,exp,err
0,3,210,0.5,0-1-1,2,251983.01587301586,253586.66666666666,-0.006364122550461593
1,3,220,0.5,0-1-1,2,292672.9841269841,291756.6666666666,0.00313085768080279
2,3,230,0.5,0-1-1,2,335165.92063492065,333576.6666666666,0.004741693204498354
3,3,240,0.5,0-1-1,2,378524.2380952381,379213.3333333333,-0.0018204785024145131
4,3,250,0.5,0-1-1,2,430943.9682539683,428833.3333333333,0.004897701502092011
5,3,260,0.5,0-1-1,2,478957.0317460317,482603.3333333333,-0.007613003559022946
6,3,270,0.5,0-1-1,2,537682.4603174604,540690.0,-0.0055935238816677835
7,3,280,0.5,0-1-1,2,601680.5873015873,603260.0,-0.0026250019225251275
8,3,290,0.5,0-1-1,2,670577.2698412699,670480.0,0.000145053889603175
9,3,300,0.5,0-1-1,2,748836.4285714285,742516.6666666666,0.008439442398412988
