,m,n,p,H,K,rec,exp,err
0,3,410,0.5,0-1-1,2,1908618.3174603174,1900486.6666666665,0.004260490805972794
1,3,420,0.5,0-1-1,2,2027062.3809523808,2043323.3333333333,-0.008021929928625271
2,3,430,0.5,0-1-1,2,2186900.253968254,2193143.333333333,-0.0028547618272714015
3,3,440,0.5,0-1-1,2,2354028.952380953,2350113.333333333,0.0016633691117772242
4,3,450,0.5,0-1-1,2,2517400.777777778,2514400.0,0.0011920143205910172
