,m,n,p,s,K,corr,ind,time
0,20,10,0.5,0.9,3,0.25,0.2,0.3196401596069336
1,20,100,0.5,0.9,3,0.1,0.25,34.710092067718506
