,m,n,p,H,K,rec,exp,err
0,3,10,0.5,0-1-1,2,21.26984126984127,20.0,0.05970149253731338
1,3,20,0.5,0-1-1,2,199.57142857142856,190.0,0.04795991410164635
2,3,30,0.5,0-1-1,2,700.9523809523811,676.6666666666666,0.034646739130435034
3,3,40,0.5,0-1-1,2,1563.2857142857144,1646.6666666666665,-0.05333698863809411
4,3,50,0.5,0-1-1,2,3254.6666666666665,3266.6666666666665,-0.0036870135190496534
5,3,60,0.5,0-1-1,2,5559.523809523809,5703.333333333333,-0.025867237687366096
6,3,70,0.5,0-1-1,2,9573.095238095239,9123.333333333332,0.04698186882881106
7,3,80,0.5,0-1-1,2,13804.904761904761,13693.333333333332,0.008082013639044816
8,3,90,0.5,0-1-1,2,20245.841269841272,19580.0,0.03288780451090101
9,3,100,0.5,0-1-1,2,26057.349206349205,26950.0,-0.034257160487886074
10,3,110,0.5,0-1-1,2,36667.09523809524,35970.0,0.0190114660997468
11,3,120,0.5,0-1-1,2,45939.69841269841,46806.666666666664,-0.018871875173839037
12,3,130,0.5,0-1-1,2,60345.666666666664,59626.666666666664,0.011914691471909045
13,3,140,0.5,0-1-1,2,73539.33333333333,74596.66666666666,-0.014377793289758634
14,3,150,0.5,0-1-1,2,91878.39682539682,91883.33333333333,-5.3728712157363745e-05
15,3,160,0.5,0-1-1,2,112249.68253968254,111653.33333333333,0.00531270283226315
16,3,170,0.5,0-1-1,2,135881.98412698414,134073.3333333333,0.013310453223590035
17,3,180,0.5,0-1-1,2,160080.9523809524,159310.0,0.004816015706339161
18,3,190,0.5,0-1-1,2,189911.7619047619,187530.0,0.012541413343088892
19,3,200,0.5,0-1-1,2,214868.3650793651,218900.0,-0.018763278247804216
